time,temperature_2m_mean,temperature_2m_max,temperature_2m_min,precipitation_sum,city
2020-01-01,-2.0,-1.3,-2.5,0.3,Samara
2020-01-02,-6.8,-1.4,-15.7,0.5,Samara
2020-01-03,-7.2,-1.7,-16.0,0.0,Samara
2020-01-04,-1.4,-1.1,-1.9,0.0,Samara
2020-01-05,-0.4,-0.0,-0.9,0.5,Samara
2020-01-06,-1.6,-0.2,-5.5,0.6,Samara
2020-01-07,-4.4,-2.2,-6.9,3.4,Samara
2020-01-08,-6.5,-5.2,-8.3,0.0,Samara
2020-01-09,-4.7,-3.6,-6.7,0.4,Samara
2020-01-10,-4.5,-4.2,-5.2,0.2,Samara
2020-01-11,-4.3,-3.2,-5.4,0.2,Samara
2020-01-12,-4.4,-3.7,-5.0,0.0,Samara
2020-01-13,-4.2,-3.0,-5.1,4.6,Samara
2020-01-14,-1.4,-0.2,-2.9,0.1,Samara
2020-01-15,-2.3,-1.2,-3.7,0.0,Samara
2020-01-16,-1.4,1.1,-4.4,3.8,Samara
2020-01-17,0.2,0.8,-0.2,9.3,Samara
2020-01-18,-1.0,0.3,-3.2,0.0,Samara
2020-01-19,-1.2,-0.5,-2.6,0.1,Samara
2020-01-20,-1.9,-1.3,-2.5,0.5,Samara
2020-01-21,-0.9,0.2,-2.4,0.6,Samara
2020-01-22,-0.5,1.6,-2.2,7.5,Samara
2020-01-23,-4.2,-2.4,-6.2,0.4,Samara
2020-01-24,-8.5,-6.6,-10.9,0.0,Samara
2020-01-25,-3.9,0.0,-11.1,3.6,Samara
2020-01-26,-2.1,-1.1,-4.9,6.1,Samara
2020-01-27,-4.1,0.2,-7.1,2.9,Samara
2020-01-28,-12.1,-8.0,-14.8,0.0,Samara
2020-01-29,-10.5,-8.2,-13.2,3.6,Samara
2020-01-30,-3.7,-0.7,-8.6,4.6,Samara
2020-01-31,-1.2,-0.2,-1.8,6.5,Samara
2020-02-01,-1.1,-0.1,-1.9,0.0,Samara
2020-02-02,-1.5,-0.5,-2.3,0.7,Samara
2020-02-03,0.7,1.6,-0.2,13.9,Samara
2020-02-04,0.1,1.3,-1.9,0.6,Samara
2020-02-05,-3.9,-2.4,-5.9,0.1,Samara
2020-02-06,-9.1,-6.0,-12.7,0.0,Samara
2020-02-07,-13.6,-10.6,-15.8,0.0,Samara
2020-02-08,-12.3,-9.3,-15.0,0.4,Samara
2020-02-09,-17.4,-14.5,-21.6,0.0,Samara
2020-02-10,-10.5,-6.7,-16.0,0.2,Samara
2020-02-11,-7.5,-5.6,-9.0,0.1,Samara
2020-02-12,-9.3,-5.7,-11.8,0.0,Samara
2020-02-13,-10.8,-6.1,-13.8,0.0,Samara
2020-02-14,-12.0,-7.8,-15.0,0.0,Samara
2020-02-15,-11.0,-7.5,-14.6,0.0,Samara
2020-02-16,-7.2,-3.3,-10.8,0.0,Samara
2020-02-17,-2.6,0.2,-5.9,0.6,Samara
2020-02-18,0.2,1.0,-0.9,1.3,Samara
2020-02-19,0.7,1.1,0.2,1.7,Samara
2020-02-20,-0.3,2.1,-4.5,0.0,Samara
2020-02-21,-3.7,0.2,-7.3,0.0,Samara
2020-02-22,-5.4,-2.9,-7.5,0.0,Samara
2020-02-23,-3.5,-0.9,-6.1,2.2,Samara
2020-02-24,0.1,1.3,-1.1,4.0,Samara
2020-02-25,0.6,1.4,0.2,7.9,Samara
2020-02-26,-1.4,0.4,-4.1,0.8,Samara
2020-02-27,1.2,3.4,-3.2,1.3,Samara
2020-02-28,3.2,4.5,1.9,1.4,Samara
2020-02-29,0.8,2.6,-2.6,2.0,Samara
2020-03-01,-2.6,1.4,-4.7,0.0,Samara
2020-03-02,-0.9,3.3,-6.4,0.0,Samara
2020-03-03,-0.7,2.9,-4.6,0.0,Samara
2020-03-04,-0.6,1.4,-3.1,1.0,Samara
2020-03-05,0.0,2.5,-2.3,0.0,Samara
2020-03-06,-2.3,1.2,-4.9,0.0,Samara
2020-03-07,-1.9,1.3,-4.5,0.0,Samara
2020-03-08,0.6,3.1,-1.0,0.0,Samara
2020-03-09,1.4,4.3,-0.7,1.4,Samara
2020-03-10,2.7,6.6,0.6,0.0,Samara
2020-03-11,4.0,9.6,-0.7,0.0,Samara
2020-03-12,5.4,9.0,3.1,1.3,Samara
2020-03-13,4.1,8.2,-0.1,0.5,Samara
2020-03-14,1.4,3.6,-0.4,4.1,Samara
2020-03-15,1.0,5.1,-1.2,3.1,Samara
2020-03-16,-1.6,0.7,-4.0,2.8,Samara
2020-03-17,-0.5,4.8,-5.2,0.0,Samara
2020-03-18,1.9,8.6,-4.2,0.0,Samara
2020-03-19,4.3,9.1,-1.0,0.4,Samara
2020-03-20,2.9,5.6,-1.2,2.8,Samara
2020-03-21,-0.1,4.5,-3.7,0.4,Samara
2020-03-22,-2.6,-0.4,-5.1,10.5,Samara
2020-03-23,-1.9,3.8,-4.5,35.1,Samara
2020-03-24,-1.3,3.5,-2.6,12.7,Samara
2020-03-25,-2.9,0.8,-7.7,4.3,Samara
2020-03-26,-2.0,3.8,-8.7,0.0,Samara
2020-03-27,2.3,7.4,-2.6,0.0,Samara
2020-03-28,0.5,7.1,-4.2,0.0,Samara
2020-03-29,2.0,12.9,-6.6,0.0,Samara
2020-03-30,5.1,13.6,-0.6,0.0,Samara
2020-03-31,7.8,15.3,1.3,0.0,Samara
2020-04-01,2.1,6.1,-1.1,0.0,Samara
2020-04-02,1.4,6.0,-4.2,0.0,Samara
2020-04-03,4.6,10.8,-0.1,0.0,Samara
2020-04-04,5.7,14.1,-2.0,0.0,Samara
2020-04-05,4.1,9.3,-1.2,0.2,Samara
2020-04-06,1.3,6.1,-3.0,0.8,Samara
2020-04-07,1.0,5.0,-2.2,2.0,Samara
2020-04-08,2.8,10.2,-2.4,0.0,Samara
2020-04-09,8.0,14.6,1.1,0.0,Samara
2020-04-10,8.7,12.8,5.2,0.0,Samara
2020-04-11,8.4,12.6,4.7,0.0,Samara
2020-04-12,5.3,8.7,-1.4,0.9,Samara
2020-04-13,1.2,4.0,-1.5,2.5,Samara
2020-04-14,5.1,13.4,-2.5,0.0,Samara
2020-04-15,8.7,15.1,0.3,3.2,Samara
2020-04-16,4.2,7.2,0.6,4.6,Samara
2020-04-17,5.2,8.8,1.8,8.6,Samara
2020-04-18,4.8,8.7,1.4,0.8,Samara
2020-04-19,5.3,9.7,-0.4,0.0,Samara
2020-04-20,7.7,12.5,1.4,0.4,Samara
2020-04-21,8.1,10.6,6.1,12.7,Samara
2020-04-22,4.5,6.3,2.8,7.3,Samara
2020-04-23,3.1,5.9,0.7,2.8,Samara
2020-04-24,2.2,5.9,-1.3,2.3,Samara
2020-04-25,9.8,16.0,0.8,1.6,Samara
2020-04-26,12.7,16.6,9.1,0.0,Samara
2020-04-27,11.1,16.4,4.7,0.5,Samara
2020-04-28,8.1,12.5,4.7,5.8,Samara
2020-04-29,8.5,13.8,2.9,0.1,Samara
2020-04-30,14.2,19.5,9.5,0.3,Samara
2020-05-01,12.5,20.6,5.0,0.0,Samara
2020-05-02,9.9,14.3,6.3,0.4,Samara
2020-05-03,9.7,16.8,2.4,0.0,Samara
2020-05-04,12.5,20.6,4.4,0.0,Samara
2020-05-05,16.9,22.6,9.8,0.0,Samara
2020-05-06,15.0,18.4,11.3,0.1,Samara
2020-05-07,17.1,24.3,10.8,0.0,Samara
2020-05-08,18.4,26.2,9.2,0.0,Samara
2020-05-09,18.3,25.6,9.9,0.0,Samara
2020-05-10,14.0,17.1,9.6,3.1,Samara
2020-05-11,13.7,18.6,8.1,0.0,Samara
2020-05-12,14.3,19.2,7.8,0.1,Samara
2020-05-13,15.1,19.7,10.7,1.5,Samara
2020-05-14,10.2,14.4,7.1,2.7,Samara
2020-05-15,10.9,13.9,6.2,1.3,Samara
2020-05-16,10.7,13.7,7.9,0.1,Samara
2020-05-17,11.6,15.6,6.8,0.7,Samara
2020-05-18,12.3,16.8,7.1,0.0,Samara
2020-05-19,9.4,13.4,6.7,7.6,Samara
2020-05-20,9.3,13.1,6.2,2.1,Samara
2020-05-21,11.7,16.5,4.3,0.0,Samara
2020-05-22,12.2,15.9,9.2,0.0,Samara
2020-05-23,13.1,18.4,7.9,1.5,Samara
2020-05-24,13.8,16.8,9.7,0.1,Samara
2020-05-25,14.0,18.9,10.6,2.3,Samara
2020-05-26,16.2,21.9,8.4,0.1,Samara
2020-05-27,20.7,24.3,16.3,0.4,Samara
2020-05-28,16.8,20.8,13.2,0.0,Samara
2020-05-29,18.0,23.6,11.4,0.0,Samara
2020-05-30,20.6,27.7,13.0,0.0,Samara
2020-05-31,20.8,23.8,17.2,0.6,Samara
2020-06-01,18.3,22.0,14.3,0.0,Samara
2020-06-02,15.7,17.8,13.2,3.2,Samara
2020-06-03,17.9,21.4,13.2,0.1,Samara
2020-06-04,19.7,24.6,16.5,3.6,Samara
2020-06-05,19.6,24.9,14.6,0.8,Samara
2020-06-06,16.6,19.4,14.9,11.2,Samara
2020-06-07,17.8,21.7,15.0,4.9,Samara
2020-06-08,17.7,21.6,12.7,8.1,Samara
2020-06-09,17.5,21.8,14.7,6.2,Samara
2020-06-10,19.6,24.5,15.0,0.4,Samara
2020-06-11,21.4,26.0,16.2,0.0,Samara
2020-06-12,22.1,27.3,16.1,0.2,Samara
2020-06-13,17.3,20.4,14.6,0.0,Samara
2020-06-14,15.8,19.2,12.2,0.1,Samara
2020-06-15,16.6,21.7,10.2,0.0,Samara
2020-06-16,19.1,24.4,12.0,0.0,Samara
2020-06-17,21.8,27.0,15.9,0.0,Samara
2020-06-18,21.1,25.2,16.9,2.7,Samara
2020-06-19,17.6,22.0,12.4,0.0,Samara
2020-06-20,19.7,26.2,11.6,0.0,Samara
2020-06-21,19.0,21.8,15.1,0.5,Samara
2020-06-22,15.0,19.1,10.4,0.0,Samara
2020-06-23,15.0,18.8,9.6,0.0,Samara
2020-06-24,15.6,17.1,13.1,4.8,Samara
2020-06-25,14.4,17.2,10.4,0.6,Samara
2020-06-26,14.7,19.1,9.3,0.7,Samara
2020-06-27,19.0,25.2,13.1,1.2,Samara
2020-06-28,18.9,21.2,13.4,0.3,Samara
2020-06-29,15.7,20.0,12.1,0.7,Samara
2020-06-30,14.5,17.8,10.8,0.0,Samara
2020-07-01,15.7,21.0,9.4,0.0,Samara
2020-07-02,19.5,25.6,14.7,1.5,Samara
2020-07-03,22.6,27.5,16.0,0.0,Samara
2020-07-04,24.3,30.7,17.9,0.0,Samara
2020-07-05,25.1,30.9,19.1,0.0,Samara
2020-07-06,26.4,32.7,19.9,0.0,Samara
2020-07-07,27.1,34.6,18.9,0.0,Samara
2020-07-08,26.8,33.3,20.1,0.0,Samara
2020-07-09,27.1,31.9,20.9,0.0,Samara
2020-07-10,26.2,33.3,19.6,0.0,Samara
2020-07-11,23.4,27.4,19.3,0.0,Samara
2020-07-12,25.3,31.6,18.8,0.0,Samara
2020-07-13,27.5,33.9,20.9,0.0,Samara
2020-07-14,29.0,35.2,23.4,0.0,Samara
2020-07-15,28.0,32.2,24.6,0.0,Samara
2020-07-16,22.4,25.2,19.7,0.9,Samara
2020-07-17,22.8,27.4,17.7,0.0,Samara
2020-07-18,21.9,25.7,16.8,0.0,Samara
2020-07-19,21.6,25.2,17.0,0.0,Samara
2020-07-20,21.1,25.7,16.6,0.0,Samara
2020-07-21,21.8,26.9,14.9,0.0,Samara
2020-07-22,22.9,27.1,17.5,0.0,Samara
2020-07-23,21.6,25.0,17.5,2.8,Samara
2020-07-24,20.1,23.8,15.9,0.0,Samara
2020-07-25,19.5,23.5,14.4,0.2,Samara
2020-07-26,18.9,23.3,13.2,0.0,Samara
2020-07-27,19.4,24.5,12.5,0.6,Samara
2020-07-28,20.8,26.2,14.2,0.0,Samara
2020-07-29,22.5,27.9,16.1,0.0,Samara
2020-07-30,24.2,30.6,14.1,0.0,Samara
2020-07-31,21.2,24.4,18.6,6.5,Samara
2020-08-01,19.9,25.0,15.5,5.3,Samara
2020-08-02,18.8,21.2,16.0,3.6,Samara
2020-08-03,18.4,22.5,13.8,0.0,Samara
2020-08-04,16.5,17.8,15.7,6.6,Samara
2020-08-05,22.2,29.9,15.7,0.0,Samara
2020-08-06,24.8,30.6,19.1,0.0,Samara
2020-08-07,24.2,29.4,18.2,0.0,Samara
2020-08-08,20.9,23.5,18.1,0.0,Samara
2020-08-09,19.1,22.0,15.6,0.1,Samara
2020-08-10,17.9,20.7,15.0,0.0,Samara
2020-08-11,17.7,22.1,13.2,0.0,Samara
2020-08-12,18.2,23.4,11.2,0.0,Samara
2020-08-13,18.6,23.2,15.7,4.5,Samara
2020-08-14,16.7,20.0,14.6,4.6,Samara
2020-08-15,14.7,16.8,13.2,13.6,Samara
2020-08-16,14.6,17.3,13.1,2.1,Samara
2020-08-17,15.3,18.6,12.2,4.1,Samara
2020-08-18,14.5,17.5,11.6,0.0,Samara
2020-08-19,14.5,18.1,11.0,0.0,Samara
2020-08-20,13.9,18.7,8.6,0.0,Samara
2020-08-21,14.0,17.6,8.8,0.1,Samara
2020-08-22,14.7,18.4,9.7,0.1,Samara
2020-08-23,16.2,21.3,11.9,0.0,Samara
2020-08-24,18.7,24.3,12.1,0.3,Samara
2020-08-25,19.6,26.9,12.3,0.0,Samara
2020-08-26,21.2,28.2,15.3,0.0,Samara
2020-08-27,20.6,27.0,13.9,0.0,Samara
2020-08-28,22.3,28.3,16.3,0.0,Samara
2020-08-29,19.7,24.1,15.4,0.7,Samara
2020-08-30,18.1,22.4,12.8,0.0,Samara
2020-08-31,19.6,26.8,11.6,0.0,Samara
2020-09-01,21.4,29.6,13.2,0.0,Samara
2020-09-02,18.5,21.1,15.0,0.0,Samara
2020-09-03,14.5,19.1,9.7,0.0,Samara
2020-09-04,13.6,18.9,8.9,0.0,Samara
2020-09-05,14.0,19.6,8.2,0.0,Samara
2020-09-06,14.2,20.7,9.7,0.0,Samara
2020-09-07,16.1,24.2,7.6,0.0,Samara
2020-09-08,18.2,25.3,10.6,0.0,Samara
2020-09-09,15.3,18.4,11.8,16.4,Samara
2020-09-10,13.4,17.1,10.3,0.2,Samara
2020-09-11,14.4,19.2,11.9,2.2,Samara
2020-09-12,12.6,16.6,9.1,0.2,Samara
2020-09-13,13.6,18.8,9.4,0.0,Samara
2020-09-14,12.5,14.5,10.8,4.3,Samara
2020-09-15,11.9,14.9,9.2,0.7,Samara
2020-09-16,10.6,13.0,8.9,2.7,Samara
2020-09-17,10.6,14.4,7.9,0.0,Samara
2020-09-18,13.6,18.9,8.1,0.0,Samara
2020-09-19,11.9,14.2,8.8,11.6,Samara
2020-09-20,8.8,11.5,7.1,5.9,Samara
2020-09-21,9.1,11.6,6.8,1.1,Samara
2020-09-22,12.6,15.9,9.6,0.0,Samara
2020-09-23,13.4,17.8,8.5,0.0,Samara
2020-09-24,10.3,16.4,5.4,0.0,Samara
2020-09-25,10.7,16.6,6.4,0.0,Samara
2020-09-26,11.1,17.3,6.5,0.0,Samara
2020-09-27,10.1,17.2,4.9,0.0,Samara
2020-09-28,11.7,17.3,5.4,0.0,Samara
2020-09-29,11.1,17.9,3.9,0.0,Samara
2020-09-30,11.5,18.6,6.5,0.0,Samara
2020-10-01,11.6,18.7,6.1,0.0,Samara
2020-10-02,12.1,18.7,5.3,0.0,Samara
2020-10-03,12.1,18.2,6.9,0.0,Samara
2020-10-04,8.9,13.3,4.5,0.0,Samara
2020-10-05,6.6,12.0,2.4,0.0,Samara
2020-10-06,7.9,12.8,2.4,0.0,Samara
2020-10-07,9.6,15.8,6.0,0.0,Samara
2020-10-08,9.9,15.2,6.1,0.0,Samara
2020-10-09,8.8,14.3,3.0,0.0,Samara
2020-10-10,8.7,13.6,4.3,0.0,Samara
2020-10-11,7.4,13.6,2.4,0.0,Samara
2020-10-12,8.9,15.3,1.6,0.0,Samara
2020-10-13,10.5,16.4,5.7,0.0,Samara
2020-10-14,10.7,16.5,5.0,0.0,Samara
2020-10-15,12.0,18.6,3.7,0.0,Samara
2020-10-16,12.3,16.6,9.5,1.3,Samara
2020-10-17,7.4,14.2,2.0,0.1,Samara
2020-10-18,6.6,12.9,-0.2,0.5,Samara
2020-10-19,10.4,14.0,4.9,0.0,Samara
2020-10-20,6.4,9.7,4.1,0.0,Samara
2020-10-21,3.4,5.4,1.5,1.4,Samara
2020-10-22,1.6,4.1,-1.3,0.0,Samara
2020-10-23,3.2,7.9,-1.0,8.9,Samara
2020-10-24,9.5,13.2,7.1,1.4,Samara
2020-10-25,7.3,9.1,5.4,14.3,Samara
2020-10-26,3.3,5.5,0.9,0.0,Samara
2020-10-27,1.0,3.8,-1.3,0.0,Samara
2020-10-28,-0.3,4.8,-4.2,0.0,Samara
2020-10-29,-0.2,6.1,-4.3,0.0,Samara
2020-10-30,1.7,6.7,-1.9,0.0,Samara
2020-10-31,4.8,8.8,1.4,0.3,Samara
2020-11-01,5.5,8.0,3.5,0.1,Samara
2020-11-02,4.1,8.1,1.7,0.0,Samara
2020-11-03,3.2,7.9,0.4,0.0,Samara
2020-11-04,2.3,7.8,-0.5,0.0,Samara
2020-11-05,2.0,4.5,-0.0,0.0,Samara
2020-11-06,4.2,6.5,1.7,0.4,Samara
2020-11-07,3.2,4.5,1.3,1.0,Samara
2020-11-08,4.1,7.0,1.2,0.4,Samara
2020-11-09,2.7,6.2,-0.8,0.3,Samara
2020-11-10,0.5,2.4,-1.0,0.5,Samara
2020-11-11,-0.6,1.1,-3.0,0.3,Samara
2020-11-12,-1.0,0.5,-2.7,0.5,Samara
2020-11-13,-0.3,0.5,-1.7,1.9,Samara
2020-11-14,-3.2,0.1,-6.0,0.4,Samara
2020-11-15,-6.9,-5.2,-8.8,0.0,Samara
2020-11-16,-8.9,-6.5,-11.2,0.0,Samara
2020-11-17,-9.4,-5.7,-12.1,0.0,Samara
2020-11-18,-9.2,-5.6,-12.4,0.0,Samara
2020-11-19,-8.1,-4.2,-11.2,0.0,Samara
2020-11-20,-7.0,-3.2,-9.1,0.0,Samara
2020-11-21,-7.6,-4.2,-9.5,0.0,Samara
2020-11-22,-7.0,-3.9,-9.7,0.0,Samara
2020-11-23,-4.6,-3.4,-6.1,1.7,Samara
2020-11-24,-2.3,-0.7,-4.2,3.0,Samara
2020-11-25,-2.1,-1.4,-2.9,3.8,Samara
2020-11-26,-3.9,-2.6,-5.8,0.6,Samara
2020-11-27,-6.0,-4.3,-8.2,0.2,Samara
2020-11-28,-2.6,-0.7,-5.4,2.8,Samara
2020-11-29,-1.6,-0.8,-4.4,0.4,Samara
2020-11-30,-9.7,-5.2,-13.1,0.0,Samara
2020-12-01,-11.9,-8.2,-14.4,0.0,Samara
2020-12-02,-19.0,-15.5,-21.6,0.0,Samara
2020-12-03,-18.9,-15.7,-24.4,0.0,Samara
2020-12-04,-13.6,-10.7,-16.8,0.0,Samara
2020-12-05,-12.5,-11.6,-13.6,0.0,Samara
2020-12-06,-14.2,-11.8,-17.4,0.0,Samara
2020-12-07,-13.1,-8.6,-19.6,0.0,Samara
2020-12-08,-10.8,-6.4,-15.1,0.0,Samara
2020-12-09,-14.3,-10.9,-16.8,0.0,Samara
2020-12-10,-15.1,-11.8,-18.3,0.0,Samara
2020-12-11,-13.5,-9.8,-17.7,0.0,Samara
2020-12-12,-10.9,-9.6,-12.5,0.0,Samara
2020-12-13,-11.9,-10.0,-13.8,0.0,Samara
2020-12-14,-13.6,-10.6,-18.7,0.0,Samara
2020-12-15,-14.9,-10.7,-19.7,0.0,Samara
2020-12-16,-8.2,-5.8,-10.9,0.0,Samara
2020-12-17,-9.6,-5.7,-13.3,0.8,Samara
2020-12-18,-2.5,0.3,-5.3,0.6,Samara
2020-12-19,-12.5,-4.6,-20.1,0.0,Samara
2020-12-20,-18.4,-13.7,-21.8,0.0,Samara
2020-12-21,-17.3,-13.7,-21.0,0.0,Samara
2020-12-22,-13.0,-9.7,-17.6,0.0,Samara
2020-12-23,-9.1,-7.9,-9.9,0.0,Samara
2020-12-24,-11.2,-9.1,-17.0,0.0,Samara
2020-12-25,-13.9,-10.1,-19.5,0.0,Samara
2020-12-26,-11.6,-6.5,-14.4,3.7,Samara
2020-12-27,-3.6,-1.1,-6.4,8.6,Samara
2020-12-28,-6.8,-5.3,-8.9,0.0,Samara
2020-12-29,-9.8,-9.0,-11.4,0.0,Samara
2020-12-30,-10.7,-9.3,-11.8,0.0,Samara
2020-12-31,-11.3,-9.3,-13.0,0.0,Samara
2021-01-01,-7.5,-5.9,-9.0,0.0,Samara
2021-01-02,-9.1,-7.8,-11.0,0.4,Samara
2021-01-03,-6.9,-4.9,-9.3,3.2,Samara
2021-01-04,-3.4,-1.9,-5.0,0.0,Samara
2021-01-05,-4.8,-3.3,-8.7,0.0,Samara
2021-01-06,-15.3,-9.9,-18.3,0.0,Samara
2021-01-07,-12.6,-9.2,-16.1,2.3,Samara
2021-01-08,-7.4,-5.8,-8.9,3.1,Samara
2021-01-09,-4.6,-2.1,-7.2,8.0,Samara
2021-01-10,-2.7,0.0,-6.0,7.2,Samara
2021-01-11,-11.6,-6.2,-17.5,0.0,Samara
2021-01-12,-19.9,-18.1,-22.9,0.5,Samara
2021-01-13,-19.2,-15.6,-22.2,0.2,Samara
2021-01-14,-11.8,-8.6,-16.0,3.0,Samara
2021-01-15,-6.9,-5.2,-8.6,1.8,Samara
2021-01-16,-6.4,-5.3,-7.8,5.0,Samara
2021-01-17,-12.3,-7.0,-18.2,0.4,Samara
2021-01-18,-20.5,-18.5,-23.7,0.9,Samara
2021-01-19,-18.4,-16.6,-21.6,1.7,Samara
2021-01-20,-22.7,-21.3,-24.1,0.0,Samara
2021-01-21,-20.8,-14.1,-25.2,0.0,Samara
2021-01-22,-12.7,-11.1,-14.7,1.5,Samara
2021-01-23,-11.5,-6.0,-17.1,2.9,Samara
2021-01-24,-0.2,1.3,-5.5,0.3,Samara
2021-01-25,-1.6,0.2,-3.3,0.0,Samara
2021-01-26,-4.2,-3.5,-5.1,0.0,Samara
2021-01-27,-6.2,-4.4,-7.7,0.0,Samara
2021-01-28,-7.7,-6.2,-9.6,0.0,Samara
2021-01-29,-3.9,-1.8,-6.2,0.9,Samara
2021-01-30,-3.4,-1.6,-5.7,0.8,Samara
2021-01-31,-3.3,-1.3,-5.9,0.2,Samara
2021-02-01,-2.1,0.4,-4.2,0.8,Samara
2021-02-02,-0.3,2.2,-4.1,14.3,Samara
2021-02-03,-5.3,-3.3,-7.2,3.5,Samara
2021-02-04,-1.0,1.7,-4.6,3.9,Samara
2021-02-05,1.3,1.8,0.5,4.5,Samara
2021-02-06,-8.8,0.7,-14.2,1.7,Samara
2021-02-07,-18.0,-14.8,-19.5,0.0,Samara
2021-02-08,-20.7,-19.8,-22.7,0.0,Samara
2021-02-09,-22.0,-19.0,-24.8,0.0,Samara
2021-02-10,-17.0,-14.4,-19.2,3.4,Samara
2021-02-11,-12.9,-9.5,-17.2,2.5,Samara
2021-02-12,-7.4,-2.6,-12.0,0.0,Samara
2021-02-13,-1.1,0.1,-5.5,2.4,Samara
2021-02-14,-10.2,-6.5,-14.3,0.8,Samara
2021-02-15,-17.3,-14.6,-19.7,0.0,Samara
2021-02-16,-21.5,-18.7,-24.0,0.0,Samara
2021-02-17,-23.9,-19.2,-26.7,0.0,Samara
2021-02-18,-22.2,-16.0,-27.5,0.0,Samara
2021-02-19,-20.1,-15.4,-24.8,0.1,Samara
2021-02-20,-20.8,-17.3,-24.3,0.0,Samara
2021-02-21,-22.2,-18.5,-25.0,0.0,Samara
2021-02-22,-21.0,-18.0,-23.3,0.7,Samara
2021-02-23,-26.2,-23.1,-29.4,0.0,Samara
2021-02-24,-23.6,-19.2,-26.8,0.0,Samara
2021-02-25,-21.5,-15.7,-27.5,4.1,Samara
2021-02-26,-13.0,-10.8,-15.3,4.0,Samara
2021-02-27,-4.1,1.6,-11.2,6.4,Samara
2021-02-28,-11.8,-8.9,-13.1,0.1,Samara
2021-03-01,-14.2,-10.7,-16.9,0.0,Samara
2021-03-02,-8.4,-2.6,-16.0,4.5,Samara
2021-03-03,-4.0,-0.8,-7.4,0.0,Samara
2021-03-04,-4.3,0.4,-8.6,1.0,Samara
2021-03-05,-1.6,0.7,-7.2,1.4,Samara
2021-03-06,-7.2,-4.1,-9.7,0.0,Samara
2021-03-07,-9.8,-6.8,-15.5,0.1,Samara
2021-03-08,-3.0,-0.6,-6.9,2.4,Samara
2021-03-09,-6.7,-3.5,-9.8,0.0,Samara
2021-03-10,-11.7,-8.7,-15.3,0.0,Samara
2021-03-11,-16.4,-12.7,-20.8,0.0,Samara
2021-03-12,-14.5,-8.5,-18.8,0.0,Samara
2021-03-13,-13.5,-8.7,-18.9,0.0,Samara
2021-03-14,-10.2,-6.1,-14.5,0.0,Samara
2021-03-15,-8.5,-4.3,-11.3,0.0,Samara
2021-03-16,-8.4,-4.1,-11.8,0.0,Samara
2021-03-17,-7.2,-2.7,-11.7,0.1,Samara
2021-03-18,-2.0,1.2,-4.4,3.1,Samara
2021-03-19,-1.5,0.0,-3.4,0.0,Samara
2021-03-20,-2.1,-0.4,-4.4,0.0,Samara
2021-03-21,-3.2,-0.6,-6.6,0.1,Samara
2021-03-22,-2.9,1.1,-8.4,0.0,Samara
2021-03-23,0.2,2.2,-1.1,1.5,Samara
2021-03-24,-0.2,2.9,-2.6,6.0,Samara
2021-03-25,-1.2,3.4,-4.6,0.0,Samara
2021-03-26,-1.3,4.7,-6.1,0.0,Samara
2021-03-27,0.7,5.0,-4.2,0.0,Samara
2021-03-28,1.0,3.5,-1.0,0.3,Samara
2021-03-29,-0.2,4.9,-3.3,0.0,Samara
2021-03-30,0.4,6.7,-5.5,0.0,Samara
2021-03-31,-0.9,4.2,-7.5,0.0,Samara
2021-04-01,3.4,5.6,1.8,0.0,Samara
2021-04-02,2.9,6.2,-3.4,0.0,Samara
2021-04-03,0.7,6.3,-3.7,0.0,Samara
2021-04-04,0.5,4.9,-2.4,3.5,Samara
2021-04-05,0.4,6.6,-4.3,0.0,Samara
2021-04-06,0.2,2.4,-4.2,7.5,Samara
2021-04-07,2.3,6.3,-1.6,0.0,Samara
2021-04-08,5.2,11.6,-1.5,3.5,Samara
2021-04-09,3.2,6.9,1.1,6.5,Samara
2021-04-10,6.9,16.8,1.0,0.1,Samara
2021-04-11,13.3,17.6,7.3,0.0,Samara
2021-04-12,11.4,20.0,4.6,0.0,Samara
2021-04-13,11.3,20.4,3.1,0.0,Samara
2021-04-14,12.0,19.3,4.6,0.0,Samara
2021-04-15,12.6,20.9,5.6,0.0,Samara
2021-04-16,12.8,21.5,4.5,0.0,Samara
2021-04-17,12.5,19.6,6.6,0.0,Samara
2021-04-18,10.4,16.4,5.1,0.0,Samara
2021-04-19,7.2,11.2,2.9,0.0,Samara
2021-04-20,5.9,10.3,2.6,0.0,Samara
2021-04-21,4.0,6.3,2.3,8.1,Samara
2021-04-22,6.1,10.2,2.5,3.0,Samara
2021-04-23,7.0,14.3,-0.2,0.0,Samara
2021-04-24,7.8,10.9,4.4,0.2,Samara
2021-04-25,6.5,8.8,4.2,1.3,Samara
2021-04-26,7.3,12.9,1.6,0.0,Samara
2021-04-27,6.0,8.7,1.6,0.6,Samara
2021-04-28,6.6,11.1,2.2,0.0,Samara
2021-04-29,6.8,13.5,0.4,0.0,Samara
2021-04-30,9.2,15.5,2.1,0.1,Samara
2021-05-01,12.4,16.5,7.9,0.4,Samara
2021-05-02,12.4,17.1,7.8,0.0,Samara
2021-05-03,14.5,22.1,5.3,0.0,Samara
2021-05-04,17.9,23.9,11.8,0.8,Samara
2021-05-05,9.6,11.6,6.7,2.9,Samara
2021-05-06,12.1,19.5,4.6,0.0,Samara
2021-05-07,14.0,19.2,5.9,0.0,Samara
2021-05-08,15.6,21.4,10.0,0.0,Samara
2021-05-09,18.1,23.3,12.0,0.0,Samara
2021-05-10,19.0,25.4,11.9,0.0,Samara
2021-05-11,18.5,24.5,12.7,0.0,Samara
2021-05-12,18.0,24.8,10.7,0.0,Samara
2021-05-13,20.7,26.2,14.0,0.2,Samara
2021-05-14,23.1,29.4,16.1,0.0,Samara
2021-05-15,23.3,30.6,15.3,0.0,Samara
2021-05-16,23.8,30.7,16.3,0.0,Samara
2021-05-17,24.0,30.5,17.2,0.0,Samara
2021-05-18,24.0,31.6,16.7,0.0,Samara
2021-05-19,24.0,30.0,17.9,0.0,Samara
2021-05-20,19.5,23.4,16.2,6.0,Samara
2021-05-21,19.6,24.9,13.9,0.0,Samara
2021-05-22,24.2,31.6,19.3,0.2,Samara
2021-05-23,25.7,33.5,17.5,0.0,Samara
2021-05-24,25.6,28.5,21.1,0.0,Samara
2021-05-25,20.2,25.1,15.8,1.0,Samara
2021-05-26,17.8,22.5,12.1,0.0,Samara
2021-05-27,18.1,23.2,12.1,0.0,Samara
2021-05-28,20.8,27.6,12.4,0.0,Samara
2021-05-29,22.2,27.9,16.4,0.7,Samara
2021-05-30,22.6,27.7,17.8,0.6,Samara
2021-05-31,17.7,21.3,13.8,2.4,Samara
2021-06-01,17.6,22.2,14.3,5.2,Samara
2021-06-02,18.0,22.7,14.4,2.6,Samara
2021-06-03,16.9,18.9,14.3,0.7,Samara
2021-06-04,14.6,17.9,12.2,21.4,Samara
2021-06-05,16.4,21.5,11.8,2.1,Samara
2021-06-06,17.6,23.8,12.3,0.1,Samara
2021-06-07,20.2,25.7,13.6,0.0,Samara
2021-06-08,20.7,26.4,15.0,0.2,Samara
2021-06-09,21.1,27.2,15.0,0.0,Samara
2021-06-10,20.9,26.4,15.7,3.0,Samara
2021-06-11,19.5,24.5,16.1,6.1,Samara
2021-06-12,19.2,21.8,16.6,6.2,Samara
2021-06-13,21.3,26.8,15.4,0.4,Samara
2021-06-14,22.5,28.3,17.1,0.0,Samara
2021-06-15,23.4,28.3,19.0,0.2,Samara
2021-06-16,23.5,27.5,19.3,0.1,Samara
2021-06-17,21.1,24.1,17.1,0.0,Samara
2021-06-18,18.2,21.5,14.2,0.0,Samara
2021-06-19,19.1,24.6,13.1,0.0,Samara
2021-06-20,23.5,29.5,16.5,0.0,Samara
2021-06-21,25.8,30.9,19.3,0.0,Samara
2021-06-22,26.9,32.3,19.9,0.0,Samara
2021-06-23,27.2,31.6,22.5,0.0,Samara
2021-06-24,25.4,30.0,20.2,1.4,Samara
2021-06-25,27.3,32.1,21.6,0.0,Samara
2021-06-26,27.5,34.1,20.6,0.0,Samara
2021-06-27,27.6,32.2,22.2,0.0,Samara
2021-06-28,28.1,33.9,21.9,0.0,Samara
2021-06-29,29.7,35.9,22.8,0.1,Samara
2021-06-30,25.8,29.9,22.4,8.6,Samara
2021-07-01,23.0,26.3,19.7,0.6,Samara
2021-07-02,21.8,25.4,18.5,2.9,Samara
2021-07-03,23.4,27.5,19.0,0.2,Samara
2021-07-04,22.7,25.9,19.0,0.4,Samara
2021-07-05,20.4,23.3,17.3,0.0,Samara
2021-07-06,21.0,25.9,15.1,0.0,Samara
2021-07-07,21.3,26.1,16.1,0.0,Samara
2021-07-08,22.7,28.2,16.3,0.0,Samara
2021-07-09,25.1,30.4,18.9,0.0,Samara
2021-07-10,26.2,30.5,20.8,0.1,Samara
2021-07-11,22.9,26.0,19.5,0.0,Samara
2021-07-12,20.5,24.7,15.6,0.0,Samara
2021-07-13,22.8,28.0,15.9,0.0,Samara
2021-07-14,23.2,28.2,17.7,0.0,Samara
2021-07-15,23.3,28.9,15.0,0.0,Samara
2021-07-16,24.6,29.1,18.5,0.3,Samara
2021-07-17,25.8,30.7,20.5,0.1,Samara
2021-07-18,25.8,30.9,18.0,0.0,Samara
2021-07-19,27.4,32.4,21.6,0.0,Samara
2021-07-20,27.6,33.1,23.1,2.0,Samara
2021-07-21,25.5,29.5,20.1,0.0,Samara
2021-07-22,22.6,27.4,18.7,0.9,Samara
2021-07-23,20.2,23.8,15.5,0.1,Samara
2021-07-24,20.3,24.0,14.9,0.0,Samara
2021-07-25,19.3,23.8,14.4,0.0,Samara
2021-07-26,19.7,23.9,15.8,0.1,Samara
2021-07-27,20.9,26.2,14.9,0.0,Samara
2021-07-28,20.9,25.6,15.0,0.0,Samara
2021-07-29,21.2,26.4,12.3,0.2,Samara
2021-07-30,23.9,28.5,18.8,1.2,Samara
2021-07-31,24.9,29.6,19.6,3.0,Samara
2021-08-01,25.4,30.7,19.1,0.0,Samara
2021-08-02,26.1,32.8,19.2,0.0,Samara
2021-08-03,28.6,35.8,21.6,0.0,Samara
2021-08-04,27.4,34.0,21.3,0.0,Samara
2021-08-05,22.9,27.0,18.3,0.0,Samara
2021-08-06,21.4,25.8,16.7,0.0,Samara
2021-08-07,22.8,28.7,15.6,0.0,Samara
2021-08-08,24.8,30.8,18.8,0.0,Samara
2021-08-09,24.6,29.8,19.0,0.0,Samara
2021-08-10,25.4,30.1,20.5,0.0,Samara
2021-08-11,24.6,29.3,20.0,0.0,Samara
2021-08-12,24.2,30.6,16.8,0.0,Samara
2021-08-13,25.2,31.2,18.2,0.0,Samara
2021-08-14,25.6,31.6,18.8,0.0,Samara
2021-08-15,22.5,28.3,18.2,0.0,Samara
2021-08-16,25.5,33.1,16.9,0.0,Samara
2021-08-17,24.8,32.9,15.5,0.0,Samara
2021-08-18,25.4,32.8,18.3,0.0,Samara
2021-08-19,27.0,36.1,18.0,0.0,Samara
2021-08-20,29.3,36.7,19.7,0.0,Samara
2021-08-21,28.5,35.5,19.3,0.0,Samara
2021-08-22,27.4,34.6,20.6,0.0,Samara
2021-08-23,24.7,29.3,19.8,0.1,Samara
2021-08-24,25.7,33.0,19.8,0.0,Samara
2021-08-25,21.5,26.5,16.9,0.0,Samara
2021-08-26,20.2,25.0,15.1,0.0,Samara
2021-08-27,19.5,24.9,14.0,0.0,Samara
2021-08-28,17.8,22.7,12.8,0.0,Samara
2021-08-29,16.4,21.4,10.9,0.0,Samara
2021-08-30,17.4,23.5,9.5,0.0,Samara
2021-08-31,19.6,27.3,12.8,0.0,Samara
2021-09-01,21.8,29.2,11.6,0.0,Samara
2021-09-02,19.4,23.6,14.8,8.6,Samara
2021-09-03,16.2,19.4,13.1,25.0,Samara
2021-09-04,12.6,15.3,10.7,1.8,Samara
2021-09-05,10.9,14.5,7.4,0.3,Samara
2021-09-06,10.5,14.8,5.6,0.1,Samara
2021-09-07,10.2,13.7,6.4,0.4,Samara
2021-09-08,12.1,16.6,7.4,0.0,Samara
2021-09-09,12.9,16.3,9.5,1.9,Samara
2021-09-10,15.3,19.9,10.2,2.8,Samara
2021-09-11,11.7,16.2,7.2,0.0,Samara
2021-09-12,13.5,19.8,5.5,0.0,Samara
2021-09-13,16.6,22.1,11.9,0.0,Samara
2021-09-14,18.4,23.4,13.6,0.1,Samara
2021-09-15,14.5,16.9,11.1,4.0,Samara
2021-09-16,10.1,12.7,6.7,0.0,Samara
2021-09-17,8.8,9.8,7.6,0.5,Samara
2021-09-18,8.3,11.4,6.0,1.3,Samara
2021-09-19,7.7,11.1,4.1,0.0,Samara
2021-09-20,7.9,12.7,2.6,0.0,Samara
2021-09-21,9.0,11.4,6.9,0.9,Samara
2021-09-22,10.3,10.9,9.6,6.2,Samara
2021-09-23,10.2,13.6,8.6,8.4,Samara
2021-09-24,10.6,14.0,8.8,16.8,Samara
2021-09-25,11.4,15.9,8.5,1.8,Samara
2021-09-26,9.8,14.4,4.7,2.2,Samara
2021-09-27,10.3,13.1,8.1,3.4,Samara
2021-09-28,7.2,9.9,3.9,0.0,Samara
2021-09-29,6.9,9.2,4.6,0.0,Samara
2021-09-30,7.0,10.2,3.5,0.2,Samara
2021-10-01,8.6,12.2,5.1,0.0,Samara
2021-10-02,9.9,12.3,8.1,0.3,Samara
2021-10-03,9.0,11.5,7.4,0.0,Samara
2021-10-04,7.5,9.9,4.1,0.0,Samara
2021-10-05,4.2,8.4,1.0,0.0,Samara
2021-10-06,4.5,8.5,1.2,0.0,Samara
2021-10-07,5.2,10.2,1.3,0.0,Samara
2021-10-08,5.8,11.9,2.4,0.0,Samara
2021-10-09,6.4,12.6,1.7,0.0,Samara
2021-10-10,6.7,12.8,2.3,0.0,Samara
2021-10-11,7.6,12.3,2.6,0.0,Samara
2021-10-12,7.2,13.4,2.0,0.0,Samara
2021-10-13,7.9,13.5,2.1,0.0,Samara
2021-10-14,7.9,12.4,3.1,0.6,Samara
2021-10-15,9.1,11.8,5.3,0.0,Samara
2021-10-16,5.6,10.9,1.8,0.0,Samara
2021-10-17,6.5,10.7,2.1,0.2,Samara
2021-10-18,8.1,10.8,6.8,2.1,Samara
2021-10-19,6.3,8.4,2.4,0.0,Samara
2021-10-20,3.0,5.0,1.3,0.8,Samara
2021-10-21,2.7,7.1,-0.4,4.5,Samara
2021-10-22,10.4,12.6,7.5,0.3,Samara
2021-10-23,10.1,13.0,6.8,1.1,Samara
2021-10-24,7.2,9.5,3.5,8.1,Samara
2021-10-25,3.3,5.6,-0.1,4.1,Samara
2021-10-26,0.7,3.8,-2.7,0.0,Samara
2021-10-27,3.1,6.7,-0.1,0.0,Samara
2021-10-28,4.6,7.3,2.5,0.0,Samara
2021-10-29,3.7,6.4,-0.7,3.3,Samara
2021-10-30,4.4,8.2,-0.0,0.0,Samara
2021-10-31,6.6,10.0,3.7,0.0,Samara
2021-11-01,5.5,9.4,2.9,0.0,Samara
2021-11-02,4.9,7.5,1.1,0.0,Samara
2021-11-03,2.6,5.8,0.3,0.0,Samara
2021-11-04,-0.5,1.4,-3.2,0.6,Samara
2021-11-05,1.2,2.3,-0.3,0.0,Samara
2021-11-06,1.7,4.3,-0.6,0.0,Samara
2021-11-07,4.0,6.9,1.2,10.9,Samara
2021-11-08,2.4,6.4,-2.5,0.0,Samara
2021-11-09,5.4,7.0,2.6,0.8,Samara
2021-11-10,-1.0,2.8,-4.0,0.0,Samara
2021-11-11,-2.6,-0.3,-5.6,0.3,Samara
2021-11-12,-0.4,0.5,-1.0,3.8,Samara
2021-11-13,0.3,1.5,-1.4,5.3,Samara
2021-11-14,-0.7,1.1,-3.7,0.5,Samara
2021-11-15,-4.5,-2.9,-7.6,2.3,Samara
2021-11-16,-5.3,-2.8,-8.2,0.0,Samara
2021-11-17,-1.0,0.1,-2.6,0.2,Samara
2021-11-18,-0.8,0.3,-1.3,0.0,Samara
2021-11-19,-1.8,-0.7,-3.5,0.3,Samara
2021-11-20,0.2,0.9,-0.2,6.2,Samara
2021-11-21,0.4,1.0,-0.7,3.3,Samara
2021-11-22,-0.2,1.1,-3.3,2.4,Samara
2021-11-23,-4.7,-3.0,-8.3,0.0,Samara
2021-11-24,-7.9,-6.5,-10.0,0.0,Samara
2021-11-25,-4.4,-0.3,-9.8,1.3,Samara
2021-11-26,-0.5,1.9,-3.9,0.0,Samara
2021-11-27,-1.7,0.2,-4.5,0.0,Samara
2021-11-28,-1.5,-0.2,-2.8,4.5,Samara
2021-11-29,0.3,1.0,-0.4,1.8,Samara
2021-11-30,1.6,3.7,-0.2,8.4,Samara
2021-12-01,1.6,3.5,-1.1,7.2,Samara
2021-12-02,-2.3,-0.7,-4.4,1.6,Samara
2021-12-03,-0.1,3.1,-3.8,1.3,Samara
2021-12-04,3.3,4.4,1.0,7.9,Samara
2021-12-05,-2.1,0.7,-5.9,0.7,Samara
2021-12-06,-5.4,-3.1,-7.2,0.0,Samara
2021-12-07,-8.7,-5.9,-11.1,0.0,Samara
2021-12-08,-3.3,1.1,-10.1,0.0,Samara
2021-12-09,-2.1,0.2,-3.3,0.0,Samara
2021-12-10,-2.2,-1.0,-2.7,0.5,Samara
2021-12-11,-5.5,-2.4,-8.3,0.0,Samara
2021-12-12,-8.5,-5.3,-10.3,0.0,Samara
2021-12-13,-8.6,-4.3,-11.8,0.0,Samara
2021-12-14,-4.9,-3.4,-7.1,0.0,Samara
2021-12-15,-3.1,-2.6,-3.6,0.2,Samara
2021-12-16,-2.9,-2.2,-3.4,0.2,Samara
2021-12-17,-1.9,-0.9,-2.5,0.6,Samara
2021-12-18,-2.6,-2.2,-2.9,8.9,Samara
2021-12-19,-3.7,-3.0,-5.0,1.2,Samara
2021-12-20,-0.7,0.5,-3.3,5.0,Samara
2021-12-21,-3.2,-0.1,-11.4,1.4,Samara
2021-12-22,-12.5,-8.6,-15.6,1.1,Samara
2021-12-23,-19.5,-16.0,-25.5,0.5,Samara
2021-12-24,-23.5,-20.2,-27.3,0.0,Samara
2021-12-25,-14.7,-3.6,-20.9,1.7,Samara
2021-12-26,-7.1,-1.2,-16.8,7.4,Samara
2021-12-27,-14.2,-11.4,-17.3,0.0,Samara
2021-12-28,-19.0,-16.5,-21.8,0.0,Samara
2021-12-29,-21.2,-18.9,-24.1,0.0,Samara
2021-12-30,-15.0,-10.1,-19.8,1.0,Samara
2021-12-31,-8.0,-6.3,-10.0,4.1,Samara
2022-01-01,-4.5,-1.7,-5.9,2.1,Samara
2022-01-02,-1.9,0.1,-7.2,4.8,Samara
2022-01-03,-11.5,-7.4,-17.3,0.0,Samara
2022-01-04,-17.8,-15.4,-20.7,0.0,Samara
2022-01-05,-18.6,-16.6,-20.8,0.0,Samara
2022-01-06,-9.2,1.8,-18.1,4.4,Samara
2022-01-07,0.5,2.0,-1.3,4.3,Samara
2022-01-08,-6.6,-0.6,-15.1,1.1,Samara
2022-01-09,-14.7,-11.4,-18.6,0.0,Samara
2022-01-10,-13.0,-10.4,-15.0,0.3,Samara
2022-01-11,-8.8,-7.3,-10.1,0.1,Samara
2022-01-12,-8.3,-7.7,-8.9,1.5,Samara
2022-01-13,-8.8,-8.3,-9.2,7.8,Samara
2022-01-14,-10.3,-5.1,-14.3,4.2,Samara
2022-01-15,-7.9,-2.6,-12.5,8.3,Samara
2022-01-16,-9.1,-6.2,-14.5,0.3,Samara
2022-01-17,-8.2,-6.0,-10.8,0.0,Samara
2022-01-18,-3.0,-1.4,-5.9,1.9,Samara
2022-01-19,-2.9,-1.6,-4.1,2.1,Samara
2022-01-20,-7.4,-4.0,-9.4,1.2,Samara
2022-01-21,-10.1,-8.7,-11.2,0.0,Samara
2022-01-22,-8.2,-6.8,-9.8,4.0,Samara
2022-01-23,-9.9,-7.2,-11.3,0.3,Samara
2022-01-24,-11.4,-10.6,-12.3,0.0,Samara
2022-01-25,-13.6,-12.2,-14.7,0.0,Samara
2022-01-26,-11.9,-10.0,-13.4,2.4,Samara
2022-01-27,-10.2,-7.6,-12.6,0.0,Samara
2022-01-28,-8.8,-7.6,-9.8,0.0,Samara
2022-01-29,-10.8,-8.8,-12.6,1.3,Samara
2022-01-30,-5.5,-1.7,-9.7,3.6,Samara
2022-01-31,-3.7,-1.9,-6.1,3.3,Samara
2022-02-01,-1.2,0.1,-3.4,4.0,Samara
2022-02-02,-1.8,-0.3,-3.2,3.8,Samara
2022-02-03,-0.7,-0.1,-1.9,21.1,Samara
2022-02-04,-1.1,-0.2,-3.0,3.9,Samara
2022-02-05,-3.1,-2.3,-4.0,0.5,Samara
2022-02-06,-3.7,-2.3,-4.6,1.7,Samara
2022-02-07,-6.2,-4.5,-8.2,0.0,Samara
2022-02-08,-6.8,-4.1,-9.6,0.0,Samara
2022-02-09,-3.8,-2.5,-5.1,0.9,Samara
2022-02-10,-5.2,-4.1,-6.1,6.8,Samara
2022-02-11,-4.2,-1.4,-7.3,0.5,Samara
2022-02-12,-2.4,-0.5,-3.6,3.6,Samara
2022-02-13,-4.2,-2.7,-5.8,0.5,Samara
2022-02-14,-5.6,-3.0,-8.9,0.0,Samara
2022-02-15,-7.1,-4.4,-9.3,0.0,Samara
2022-02-16,-11.0,-7.5,-14.7,0.0,Samara
2022-02-17,-13.5,-10.3,-15.9,0.0,Samara
2022-02-18,-7.5,-3.4,-13.1,0.0,Samara
2022-02-19,-4.3,-1.5,-7.3,2.5,Samara
2022-02-20,-0.1,1.5,-1.4,3.8,Samara
2022-02-21,-1.1,0.9,-4.1,0.0,Samara
2022-02-22,-1.4,1.6,-5.7,0.1,Samara
2022-02-23,1.2,2.0,0.3,7.6,Samara
2022-02-24,-1.4,1.4,-4.0,0.0,Samara
2022-02-25,-3.3,-0.9,-5.8,0.0,Samara
2022-02-26,-2.0,1.3,-4.9,0.0,Samara
2022-02-27,-0.3,0.6,-1.8,1.7,Samara
2022-02-28,-1.9,0.9,-5.3,0.0,Samara
2022-03-01,-2.6,0.8,-6.1,0.0,Samara
2022-03-02,-4.2,-1.1,-8.2,0.0,Samara
2022-03-03,-5.1,-2.6,-7.0,0.0,Samara
2022-03-04,-4.0,-1.6,-5.9,0.5,Samara
2022-03-05,-2.0,-0.8,-3.3,13.8,Samara
2022-03-06,-8.6,-3.7,-13.3,1.0,Samara
2022-03-07,-9.6,-4.8,-14.3,0.0,Samara
2022-03-08,-7.9,-5.4,-11.2,1.5,Samara
2022-03-09,-7.9,-5.6,-9.9,0.3,Samara
2022-03-10,-6.9,-4.4,-9.1,0.6,Samara
2022-03-11,-9.9,-6.8,-12.0,0.0,Samara
2022-03-12,-12.4,-7.7,-15.7,0.0,Samara
2022-03-13,-13.1,-7.8,-18.3,0.0,Samara
2022-03-14,-10.3,-7.5,-13.5,0.9,Samara
2022-03-15,-9.2,-6.3,-11.7,1.0,Samara
2022-03-16,-8.1,-6.8,-9.3,2.4,Samara
2022-03-17,-8.8,-4.9,-12.2,0.0,Samara
2022-03-18,-7.0,-1.5,-11.6,0.0,Samara
2022-03-19,-6.3,0.9,-11.7,0.0,Samara
2022-03-20,-3.9,2.9,-9.9,0.0,Samara
2022-03-21,0.3,3.0,-2.1,2.1,Samara
2022-03-22,-0.9,3.3,-4.1,0.0,Samara
2022-03-23,-0.6,4.2,-4.4,0.0,Samara
2022-03-24,-0.8,4.5,-4.8,0.0,Samara
2022-03-25,-1.0,4.0,-4.7,0.0,Samara
2022-03-26,0.3,3.8,-2.3,0.0,Samara
2022-03-27,1.1,2.2,-2.0,5.2,Samara
2022-03-28,-3.3,-2.0,-5.5,0.6,Samara
2022-03-29,-0.6,4.2,-6.4,4.8,Samara
2022-03-30,2.0,5.3,-1.1,3.9,Samara
2022-03-31,1.0,3.1,-0.4,4.7,Samara
2022-04-01,3.8,6.7,0.6,9.2,Samara
2022-04-02,5.2,8.8,3.1,3.1,Samara
2022-04-03,6.5,10.7,3.1,5.0,Samara
2022-04-04,2.9,7.7,-1.0,0.3,Samara
2022-04-05,-0.0,4.4,-3.3,0.2,Samara
2022-04-06,2.6,6.6,-3.0,1.2,Samara
2022-04-07,2.3,5.7,-1.5,0.4,Samara
2022-04-08,5.9,12.7,-0.8,0.0,Samara
2022-04-09,4.0,6.0,2.3,3.2,Samara
2022-04-10,5.4,11.7,0.3,0.0,Samara
2022-04-11,6.7,14.6,0.7,0.0,Samara
2022-04-12,8.3,16.4,1.0,0.0,Samara
2022-04-13,8.6,14.4,2.5,2.1,Samara
2022-04-14,8.0,12.5,4.8,8.3,Samara
2022-04-15,4.5,6.1,1.3,4.9,Samara
2022-04-16,3.9,9.5,-2.4,0.0,Samara
2022-04-17,8.4,15.6,2.9,0.2,Samara
2022-04-18,10.6,17.5,3.6,0.0,Samara
2022-04-19,12.2,19.9,6.5,0.2,Samara
2022-04-20,13.5,15.8,9.1,0.5,Samara
2022-04-21,8.8,11.6,7.4,3.0,Samara
2022-04-22,8.4,13.9,3.2,0.0,Samara
2022-04-23,8.5,14.9,3.5,0.0,Samara
2022-04-24,9.7,15.2,2.5,0.0,Samara
2022-04-25,10.9,17.2,3.5,0.0,Samara
2022-04-26,14.5,21.0,6.5,0.0,Samara
2022-04-27,15.8,19.8,12.3,3.1,Samara
2022-04-28,11.9,14.8,6.1,0.0,Samara
2022-04-29,6.1,10.3,2.0,0.0,Samara
2022-04-30,6.7,12.9,1.2,0.1,Samara
2022-05-01,6.2,9.5,2.0,0.1,Samara
2022-05-02,6.5,11.9,0.1,0.0,Samara
2022-05-03,8.8,15.7,1.1,0.0,Samara
2022-05-04,11.9,17.8,3.7,0.0,Samara
2022-05-05,7.8,12.0,3.7,2.3,Samara
2022-05-06,6.1,10.9,0.4,0.0,Samara
2022-05-07,8.8,14.3,2.6,0.0,Samara
2022-05-08,10.2,17.1,1.2,0.0,Samara
2022-05-09,12.1,18.9,2.7,0.0,Samara
2022-05-10,9.1,12.5,8.1,23.1,Samara
2022-05-11,8.1,12.5,5.2,5.4,Samara
2022-05-12,7.9,10.7,6.2,14.3,Samara
2022-05-13,9.6,16.5,5.1,6.7,Samara
2022-05-14,12.1,17.5,6.4,0.3,Samara
2022-05-15,11.9,18.5,5.7,5.7,Samara
2022-05-16,11.9,16.2,8.2,1.0,Samara
2022-05-17,10.4,14.6,7.7,1.7,Samara
2022-05-18,9.2,13.5,4.3,0.9,Samara
2022-05-19,9.9,13.3,5.7,2.2,Samara
2022-05-20,9.0,14.0,3.6,1.3,Samara
2022-05-21,7.1,9.9,4.0,1.5,Samara
2022-05-22,8.3,13.3,2.5,1.1,Samara
2022-05-23,9.3,12.5,6.2,2.4,Samara
2022-05-24,10.9,15.9,7.0,0.0,Samara
2022-05-25,8.8,11.4,6.0,0.0,Samara
2022-05-26,9.5,14.3,3.1,0.0,Samara
2022-05-27,12.7,18.2,8.2,10.0,Samara
2022-05-28,14.0,18.1,9.7,6.0,Samara
2022-05-29,15.2,20.6,10.7,0.0,Samara
2022-05-30,14.5,20.2,10.2,5.5,Samara
2022-05-31,16.1,22.1,9.4,0.0,Samara
2022-06-01,17.3,22.8,9.6,0.0,Samara
2022-06-02,19.0,25.3,13.0,0.0,Samara
2022-06-03,20.9,26.1,14.2,0.0,Samara
2022-06-04,18.6,23.0,14.2,0.7,Samara
2022-06-05,18.3,23.0,12.5,0.0,Samara
2022-06-06,15.1,16.2,13.9,75.4,Samara
2022-06-07,15.4,17.5,13.8,26.5,Samara
2022-06-08,13.8,16.5,12.2,0.5,Samara
2022-06-09,15.4,18.3,12.9,1.9,Samara
2022-06-10,19.2,25.0,13.0,0.0,Samara
2022-06-11,19.9,23.9,15.5,0.6,Samara
2022-06-12,15.7,18.4,11.4,0.0,Samara
2022-06-13,15.2,21.8,10.0,0.0,Samara
2022-06-14,18.4,23.9,12.8,0.0,Samara
2022-06-15,20.6,26.5,14.2,0.0,Samara
2022-06-16,20.8,25.6,15.4,0.0,Samara
2022-06-17,19.6,24.0,15.4,6.5,Samara
2022-06-18,19.6,24.2,13.8,0.0,Samara
2022-06-19,19.3,22.7,14.9,0.0,Samara
2022-06-20,18.3,22.2,15.7,3.6,Samara
2022-06-21,17.4,22.1,13.2,0.9,Samara
2022-06-22,20.5,27.0,14.8,1.3,Samara
2022-06-23,21.9,25.8,17.6,0.1,Samara
2022-06-24,20.3,24.8,16.8,5.1,Samara
2022-06-25,20.8,26.1,15.9,0.0,Samara
2022-06-26,19.5,23.4,15.6,0.0,Samara
2022-06-27,19.4,24.7,12.8,0.0,Samara
2022-06-28,17.7,19.5,14.1,0.0,Samara
2022-06-29,14.1,18.2,10.4,0.0,Samara
2022-06-30,16.4,21.2,9.7,0.0,Samara
2022-07-01,15.3,18.9,11.2,4.1,Samara
2022-07-02,18.3,23.7,13.0,0.2,Samara
2022-07-03,19.1,23.2,14.6,0.2,Samara
2022-07-04,18.0,21.1,15.5,0.2,Samara
2022-07-05,16.1,20.2,12.4,0.0,Samara
2022-07-06,18.4,23.9,11.2,0.0,Samara
2022-07-07,21.9,28.9,13.3,0.0,Samara
2022-07-08,22.9,28.5,16.6,0.0,Samara
2022-07-09,23.5,29.2,16.9,0.1,Samara
2022-07-10,23.7,29.6,17.8,0.0,Samara
2022-07-11,24.7,30.8,18.0,0.0,Samara
2022-07-12,25.3,31.4,20.0,0.0,Samara
2022-07-13,25.5,31.4,21.7,0.7,Samara
2022-07-14,24.7,29.9,20.5,4.9,Samara
2022-07-15,21.0,23.2,18.3,8.8,Samara
2022-07-16,22.1,26.8,16.9,0.0,Samara
2022-07-17,23.6,27.2,19.3,0.0,Samara
2022-07-18,23.5,30.3,17.7,16.3,Samara
2022-07-19,20.0,22.4,17.6,11.5,Samara
2022-07-20,18.8,22.3,15.5,0.0,Samara
2022-07-21,19.9,25.1,12.7,0.0,Samara
2022-07-22,21.0,25.7,17.3,1.4,Samara
2022-07-23,22.6,27.6,17.9,0.0,Samara
2022-07-24,23.1,28.8,17.3,0.0,Samara
2022-07-25,20.9,25.9,17.8,5.7,Samara
2022-07-26,21.9,27.2,17.5,1.5,Samara
2022-07-27,23.0,28.0,18.1,0.3,Samara
2022-07-28,23.1,28.1,18.2,0.0,Samara
2022-07-29,22.2,26.2,18.2,0.0,Samara
2022-07-30,22.1,27.8,16.2,0.0,Samara
2022-07-31,21.7,25.7,17.3,0.6,Samara
2022-08-01,22.0,26.5,17.4,0.0,Samara
2022-08-02,21.7,26.1,17.0,0.1,Samara
2022-08-03,21.9,27.0,16.4,0.4,Samara
2022-08-04,23.2,28.6,17.4,0.0,Samara
2022-08-05,23.0,29.0,17.4,0.0,Samara
2022-08-06,22.9,29.1,16.3,0.0,Samara
2022-08-07,23.9,30.1,16.3,0.0,Samara
2022-08-08,23.7,30.2,16.4,0.0,Samara
2022-08-09,24.4,30.0,17.4,0.0,Samara
2022-08-10,24.9,31.0,17.6,0.0,Samara
2022-08-11,23.7,27.8,20.0,0.1,Samara
2022-08-12,21.2,25.5,16.2,0.0,Samara
2022-08-13,21.9,27.7,15.1,0.0,Samara
2022-08-14,22.1,27.2,17.0,0.0,Samara
2022-08-15,20.8,25.8,14.9,0.0,Samara
2022-08-16,21.6,26.6,16.1,0.0,Samara
2022-08-17,21.6,27.2,15.7,0.0,Samara
2022-08-18,21.7,26.1,17.8,0.0,Samara
2022-08-19,19.6,23.5,15.4,0.0,Samara
2022-08-20,18.6,24.9,12.2,0.0,Samara
2022-08-21,21.3,28.1,14.3,0.0,Samara
2022-08-22,22.8,28.5,17.1,0.0,Samara
2022-08-23,23.1,30.2,16.5,0.0,Samara
2022-08-24,22.3,29.8,16.1,0.0,Samara
2022-08-25,22.1,29.9,14.6,0.0,Samara
2022-08-26,22.9,29.9,15.4,0.0,Samara
2022-08-27,23.2,30.1,16.6,0.0,Samara
2022-08-28,23.2,30.5,16.3,0.0,Samara
2022-08-29,23.6,30.9,17.8,0.0,Samara
2022-08-30,25.0,31.7,19.9,0.0,Samara
2022-08-31,23.6,30.9,16.1,0.0,Samara
2022-09-01,22.1,27.8,17.3,0.0,Samara
2022-09-02,18.6,21.0,14.5,8.6,Samara
2022-09-03,14.0,16.6,9.3,0.0,Samara
2022-09-04,12.1,15.1,9.5,3.1,Samara
2022-09-05,12.3,16.0,9.5,0.5,Samara
2022-09-06,10.2,13.0,8.0,8.8,Samara
2022-09-07,10.5,12.9,7.9,0.5,Samara
2022-09-08,10.2,13.0,8.1,4.6,Samara
2022-09-09,10.0,12.1,8.5,4.7,Samara
2022-09-10,9.5,11.7,6.5,0.1,Samara
2022-09-11,10.9,14.4,7.4,0.2,Samara
2022-09-12,11.1,13.3,9.3,0.0,Samara
2022-09-13,12.9,17.4,7.2,0.0,Samara
2022-09-14,13.8,16.5,11.6,2.8,Samara
2022-09-15,13.0,17.1,9.4,5.8,Samara
2022-09-16,13.5,17.9,8.7,0.0,Samara
2022-09-17,16.4,19.1,14.3,1.2,Samara
2022-09-18,15.9,20.9,11.1,0.2,Samara
2022-09-19,20.6,25.6,17.4,3.8,Samara
2022-09-20,15.9,17.7,14.4,19.2,Samara
2022-09-21,16.8,21.6,13.2,0.7,Samara
2022-09-22,17.8,25.0,11.3,0.0,Samara
2022-09-23,18.7,23.9,13.9,0.4,Samara
2022-09-24,16.0,18.6,12.4,2.4,Samara
2022-09-25,11.6,14.4,9.8,3.5,Samara
2022-09-26,9.6,11.3,8.2,4.9,Samara
2022-09-27,10.4,13.1,8.4,0.3,Samara
2022-09-28,9.7,11.0,8.4,14.8,Samara
2022-09-29,12.4,13.8,11.1,12.1,Samara
2022-09-30,10.8,12.3,9.4,0.3,Samara
2022-10-01,11.4,15.2,9.0,0.0,Samara
2022-10-02,14.1,17.4,9.8,3.2,Samara
2022-10-03,14.1,16.4,11.3,0.0,Samara
2022-10-04,12.2,14.1,10.4,0.0,Samara
2022-10-05,10.8,12.7,9.7,1.1,Samara
2022-10-06,10.1,12.2,8.6,6.2,Samara
2022-10-07,8.6,11.1,5.3,1.4,Samara
2022-10-08,10.2,14.4,7.6,0.0,Samara
2022-10-09,9.3,15.2,4.4,0.0,Samara
2022-10-10,10.3,15.5,6.4,0.3,Samara
2022-10-11,9.8,11.8,8.7,6.6,Samara
2022-10-12,10.8,13.7,9.2,3.3,Samara
2022-10-13,9.0,11.6,6.4,1.9,Samara
2022-10-14,7.4,8.3,5.3,2.2,Samara
2022-10-15,6.2,8.3,4.7,0.3,Samara
2022-10-16,5.3,9.5,1.5,0.0,Samara
2022-10-17,5.0,9.9,2.1,0.0,Samara
2022-10-18,7.3,9.8,4.8,2.3,Samara
2022-10-19,8.9,10.9,7.1,9.5,Samara
2022-10-20,6.5,8.1,4.7,0.4,Samara
2022-10-21,5.0,7.5,3.2,0.7,Samara
2022-10-22,2.9,5.2,0.4,0.0,Samara
2022-10-23,2.0,5.5,-2.0,0.1,Samara
2022-10-24,5.2,6.6,3.6,7.5,Samara
2022-10-25,3.7,6.3,1.4,1.5,Samara
2022-10-26,1.7,3.4,-0.2,0.0,Samara
2022-10-27,1.3,3.6,-1.3,0.0,Samara
2022-10-28,2.1,4.2,0.5,0.8,Samara
2022-10-29,2.6,3.3,1.8,1.1,Samara
2022-10-30,4.0,7.3,1.4,13.5,Samara
2022-10-31,3.9,7.7,0.7,1.2,Samara
2022-11-01,1.0,2.3,-0.7,0.1,Samara
2022-11-02,0.9,1.6,-0.6,5.2,Samara
2022-11-03,-0.2,2.6,-1.8,1.1,Samara
2022-11-04,0.0,3.0,-3.0,0.1,Samara
2022-11-05,1.2,3.7,-1.6,0.3,Samara
2022-11-06,0.9,2.1,-0.8,0.0,Samara
2022-11-07,0.9,2.2,0.3,0.0,Samara
2022-11-08,1.7,3.3,0.3,0.0,Samara
2022-11-09,2.5,4.1,0.5,0.0,Samara
2022-11-10,4.0,5.7,1.6,0.8,Samara
2022-11-11,4.8,6.5,3.4,0.0,Samara
2022-11-12,5.8,6.3,5.3,10.6,Samara
2022-11-13,6.3,7.9,3.5,10.4,Samara
2022-11-14,0.4,3.0,-3.3,1.5,Samara
2022-11-15,-3.5,-2.6,-4.5,0.1,Samara
2022-11-16,-3.3,-1.5,-5.4,0.5,Samara
2022-11-17,-2.2,-1.1,-3.9,4.1,Samara
2022-11-18,0.2,1.3,-1.2,21.3,Samara
2022-11-19,0.6,1.5,-0.4,4.2,Samara
2022-11-20,-0.4,0.4,-1.3,2.5,Samara
2022-11-21,-1.6,-0.6,-2.4,0.0,Samara
2022-11-22,-2.9,-0.7,-4.4,0.0,Samara
2022-11-23,-0.3,2.1,-4.0,13.2,Samara
2022-11-24,0.5,1.4,-0.4,1.9,Samara
2022-11-25,0.5,1.3,-0.2,1.0,Samara
2022-11-26,-1.9,0.4,-3.9,0.0,Samara
2022-11-27,-5.2,-4.0,-6.1,0.0,Samara
2022-11-28,-6.7,-4.7,-8.9,0.0,Samara
2022-11-29,-8.9,-6.2,-10.1,0.0,Samara
2022-11-30,-7.7,-5.1,-9.7,0.0,Samara
2022-12-01,-7.3,-5.1,-9.6,0.0,Samara
2022-12-02,-8.8,-6.4,-13.6,0.0,Samara
2022-12-03,-13.2,-10.2,-15.9,0.0,Samara
2022-12-04,-13.0,-9.5,-15.8,0.0,Samara
2022-12-05,-10.2,-7.8,-12.8,0.0,Samara
2022-12-06,-9.9,-9.4,-10.6,0.0,Samara
2022-12-07,-14.6,-10.1,-17.1,0.0,Samara
2022-12-08,-16.8,-13.2,-19.4,0.0,Samara
2022-12-09,-14.6,-10.1,-19.7,0.0,Samara
2022-12-10,-11.1,-8.9,-13.4,0.0,Samara
2022-12-11,-7.9,-4.6,-10.2,0.0,Samara
2022-12-12,-9.1,-6.8,-11.6,0.0,Samara
2022-12-13,-10.4,-6.0,-13.4,0.0,Samara
2022-12-14,-7.2,-3.5,-10.2,0.0,Samara
2022-12-15,-6.3,-4.2,-10.1,2.4,Samara
2022-12-16,-8.0,-3.4,-14.0,0.1,Samara
2022-12-17,-4.5,-2.9,-6.7,0.4,Samara
2022-12-18,-0.7,1.2,-3.0,5.4,Samara
2022-12-19,-3.1,1.0,-7.3,3.1,Samara
2022-12-20,-7.6,-5.4,-9.0,0.2,Samara
2022-12-21,-5.1,-3.7,-5.9,0.2,Samara
2022-12-22,-4.3,-0.9,-9.3,3.5,Samara
2022-12-23,0.0,0.8,-0.8,4.5,Samara
2022-12-24,-0.6,0.5,-3.0,0.0,Samara
2022-12-25,-6.0,-3.6,-8.6,0.0,Samara
2022-12-26,-4.5,-3.9,-5.1,0.4,Samara
2022-12-27,-4.5,-3.1,-5.9,0.2,Samara
2022-12-28,-8.4,-5.6,-10.3,0.0,Samara
2022-12-29,-7.9,-6.6,-10.0,6.1,Samara
2022-12-30,-6.3,-3.8,-9.1,0.1,Samara
2022-12-31,-3.0,-0.9,-5.0,6.0,Samara
2023-01-01,-1.1,-0.4,-2.4,0.4,Samara
2023-01-02,0.6,2.0,-1.8,14.3,Samara
2023-01-03,-2.8,-1.8,-4.2,2.6,Samara
2023-01-04,-1.7,1.0,-6.0,5.3,Samara
2023-01-05,-7.6,-3.4,-11.2,1.1,Samara
2023-01-06,-8.3,-2.6,-22.3,5.8,Samara
2023-01-07,-26.6,-23.1,-29.3,0.0,Samara
2023-01-08,-26.5,-22.4,-30.4,0.2,Samara
2023-01-09,-29.2,-27.2,-31.7,0.0,Samara
2023-01-10,-29.3,-27.7,-32.2,0.0,Samara
2023-01-11,-28.4,-24.7,-32.1,0.0,Samara
2023-01-12,-21.0,-17.4,-27.5,0.0,Samara
2023-01-13,-17.9,-15.2,-19.7,0.0,Samara
2023-01-14,-16.8,-13.0,-20.1,0.0,Samara
2023-01-15,-15.5,-11.5,-17.4,0.0,Samara
2023-01-16,-16.5,-12.4,-20.2,0.0,Samara
2023-01-17,-17.1,-12.7,-20.5,0.0,Samara
2023-01-18,-12.0,-5.9,-18.4,0.0,Samara
2023-01-19,-15.1,-10.1,-19.0,0.0,Samara
2023-01-20,-16.5,-11.7,-20.2,0.0,Samara
2023-01-21,-15.9,-10.2,-19.9,0.0,Samara
2023-01-22,-12.1,-6.7,-18.5,0.0,Samara
2023-01-23,-14.1,-10.9,-18.4,0.0,Samara
2023-01-24,-15.6,-11.9,-17.9,0.0,Samara
2023-01-25,-14.2,-9.9,-18.7,0.0,Samara
2023-01-26,-9.7,-5.2,-14.5,0.0,Samara
2023-01-27,-7.7,-5.2,-9.9,0.0,Samara
2023-01-28,-9.2,-7.1,-11.5,0.0,Samara
2023-01-29,-10.3,-8.2,-12.8,0.0,Samara
2023-01-30,-7.4,-3.3,-12.8,0.5,Samara
2023-01-31,-5.7,-3.1,-9.7,2.4,Samara
2023-02-01,-11.0,-7.1,-13.8,0.0,Samara
2023-02-02,-8.2,-4.0,-13.8,0.0,Samara
2023-02-03,-6.0,-3.8,-7.4,1.6,Samara
2023-02-04,-8.9,-7.1,-11.5,2.8,Samara
2023-02-05,-12.1,-8.5,-14.8,0.0,Samara
2023-02-06,-13.7,-11.2,-17.0,0.0,Samara
2023-02-07,-13.6,-10.0,-17.3,0.0,Samara
2023-02-08,-11.4,-8.8,-13.4,0.0,Samara
2023-02-09,-8.1,-5.2,-12.3,1.3,Samara
2023-02-10,-6.5,-4.1,-8.5,0.0,Samara
2023-02-11,-6.1,-4.6,-8.5,0.0,Samara
2023-02-12,-8.2,-6.3,-12.0,0.0,Samara
2023-02-13,-4.2,-2.1,-7.0,1.4,Samara
2023-02-14,-5.4,-3.4,-7.9,1.4,Samara
2023-02-15,-8.3,-7.0,-9.9,3.6,Samara
2023-02-16,-3.8,-1.2,-6.5,2.7,Samara
2023-02-17,-6.4,-3.8,-7.4,1.5,Samara
2023-02-18,-7.7,-6.5,-9.2,3.0,Samara
2023-02-19,-11.5,-9.6,-15.0,0.3,Samara
2023-02-20,-13.6,-9.3,-17.4,1.7,Samara
2023-02-21,-5.5,-3.0,-9.2,0.8,Samara
2023-02-22,-4.8,-3.5,-7.9,6.8,Samara
2023-02-23,-11.8,-9.0,-13.0,2.6,Samara
2023-02-24,-13.4,-11.2,-16.4,0.0,Samara
2023-02-25,-7.0,-3.7,-11.1,1.7,Samara
2023-02-26,0.0,1.6,-3.1,3.0,Samara
2023-02-27,1.8,2.9,-0.0,4.2,Samara
2023-02-28,-3.2,-0.5,-5.8,0.0,Samara
2023-03-01,-4.7,-2.6,-7.2,0.9,Samara
2023-03-02,-7.2,-4.1,-10.1,0.2,Samara
2023-03-03,-5.1,-1.3,-9.3,0.6,Samara
2023-03-04,-1.1,0.7,-2.5,2.7,Samara
2023-03-05,-0.9,1.0,-3.4,3.1,Samara
2023-03-06,-2.3,0.6,-4.2,0.0,Samara
2023-03-07,-5.1,-2.3,-7.1,0.0,Samara
2023-03-08,-1.8,2.0,-9.7,1.1,Samara
2023-03-09,2.5,3.3,1.0,5.4,Samara
2023-03-10,4.0,7.2,2.1,3.8,Samara
2023-03-11,-2.5,0.7,-5.8,0.1,Samara
2023-03-12,1.4,6.6,-5.3,0.0,Samara
2023-03-13,2.9,6.6,-2.8,10.3,Samara
2023-03-14,-3.0,0.9,-7.4,0.0,Samara
2023-03-15,-0.1,5.4,-3.2,0.0,Samara
2023-03-16,1.3,6.6,-3.3,0.0,Samara
2023-03-17,3.0,9.4,-1.0,0.0,Samara
2023-03-18,1.3,4.3,-0.4,5.7,Samara
2023-03-19,0.5,5.1,-2.5,0.6,Samara
2023-03-20,0.3,6.2,-4.2,0.0,Samara
2023-03-21,2.3,9.7,-4.2,0.0,Samara
2023-03-22,3.2,8.6,-1.0,0.0,Samara
2023-03-23,2.5,9.3,-2.8,0.0,Samara
2023-03-24,5.0,13.2,-2.0,0.0,Samara
2023-03-25,7.1,12.7,4.1,0.8,Samara
2023-03-26,10.2,17.4,3.1,0.0,Samara
2023-03-27,10.3,14.2,7.8,0.2,Samara
2023-03-28,8.4,12.8,4.3,3.9,Samara
2023-03-29,5.7,11.3,0.6,0.0,Samara
2023-03-30,6.3,10.9,2.6,0.0,Samara
2023-03-31,3.9,7.3,1.9,6.8,Samara
2023-04-01,5.4,11.2,1.1,0.0,Samara
2023-04-02,7.2,13.8,3.0,0.1,Samara
2023-04-03,7.3,15.0,1.4,0.0,Samara
2023-04-04,7.1,16.8,0.3,0.0,Samara
2023-04-05,9.7,17.4,1.6,0.0,Samara
2023-04-06,10.2,15.8,4.9,0.0,Samara
2023-04-07,6.4,11.1,1.8,0.0,Samara
2023-04-08,3.8,9.0,-0.8,0.0,Samara
2023-04-09,3.7,11.5,-3.1,0.0,Samara
2023-04-10,6.3,13.5,-0.9,0.0,Samara
2023-04-11,6.6,14.0,-1.5,0.0,Samara
2023-04-12,8.3,16.5,1.0,0.0,Samara
2023-04-13,10.4,16.5,2.3,0.0,Samara
2023-04-14,5.6,12.0,2.4,1.0,Samara
2023-04-15,1.7,7.0,-2.9,0.0,Samara
2023-04-16,4.7,11.3,-1.6,0.0,Samara
2023-04-17,5.6,13.1,-1.8,0.0,Samara
2023-04-18,8.0,15.2,-0.1,0.0,Samara
2023-04-19,10.0,16.7,1.7,0.0,Samara
2023-04-20,10.3,16.8,0.9,0.0,Samara
2023-04-21,11.0,16.4,5.6,0.0,Samara
2023-04-22,9.7,12.9,6.5,2.3,Samara
2023-04-23,10.6,16.7,4.8,0.0,Samara
2023-04-24,12.0,19.6,2.6,0.0,Samara
2023-04-25,12.3,18.5,6.5,3.3,Samara
2023-04-26,14.4,19.2,11.1,2.1,Samara
2023-04-27,14.0,20.4,6.8,0.0,Samara
2023-04-28,15.2,21.9,7.9,0.0,Samara
2023-04-29,16.3,23.9,8.6,0.0,Samara
2023-04-30,19.0,26.8,11.1,0.2,Samara
2023-05-01,22.0,27.8,16.7,0.0,Samara
2023-05-02,16.3,20.6,11.7,0.1,Samara
2023-05-03,15.6,22.2,9.6,0.0,Samara
2023-05-04,17.4,24.1,11.6,0.0,Samara
2023-05-05,17.3,22.6,11.3,0.0,Samara
2023-05-06,13.5,20.9,8.6,1.3,Samara
2023-05-07,8.6,11.2,6.3,1.4,Samara
2023-05-08,7.5,11.0,2.7,0.0,Samara
2023-05-09,8.7,13.4,3.1,0.0,Samara
2023-05-10,12.2,17.8,6.1,0.0,Samara
2023-05-11,13.0,18.7,5.9,0.0,Samara
2023-05-12,10.2,12.3,8.6,9.4,Samara
2023-05-13,13.9,20.7,7.1,0.0,Samara
2023-05-14,13.2,17.9,8.3,1.0,Samara
2023-05-15,13.4,18.0,8.4,0.0,Samara
2023-05-16,15.8,21.8,9.0,0.0,Samara
2023-05-17,18.3,24.3,12.3,0.0,Samara
2023-05-18,17.4,22.5,12.2,0.0,Samara
2023-05-19,14.5,19.9,8.0,0.0,Samara
2023-05-20,14.9,20.0,7.6,0.0,Samara
2023-05-21,17.5,24.7,9.3,0.0,Samara
2023-05-22,19.2,26.3,11.4,0.0,Samara
2023-05-23,20.5,26.9,12.5,0.0,Samara
2023-05-24,22.5,29.0,17.1,0.0,Samara
2023-05-25,23.0,29.0,15.1,0.0,Samara
2023-05-26,23.9,29.6,17.5,0.0,Samara
2023-05-27,23.6,27.2,21.2,0.0,Samara
2023-05-28,23.6,29.9,17.0,0.1,Samara
2023-05-29,20.8,25.1,15.6,0.0,Samara
2023-05-30,22.5,28.6,16.6,0.1,Samara
2023-05-31,25.0,29.7,19.7,0.2,Samara
2023-06-01,21.2,25.5,16.7,0.0,Samara
2023-06-02,21.0,26.7,15.8,17.7,Samara
2023-06-03,20.6,25.2,16.2,2.1,Samara
2023-06-04,19.7,26.0,14.3,0.3,Samara
2023-06-05,16.6,21.5,10.7,0.0,Samara
2023-06-06,16.6,20.2,13.9,0.0,Samara
2023-06-07,17.1,20.8,12.4,0.0,Samara
2023-06-08,17.7,23.5,10.3,2.7,Samara
2023-06-09,17.7,24.1,10.6,1.0,Samara
2023-06-10,19.3,27.0,13.3,2.0,Samara
2023-06-11,14.2,17.0,11.5,0.0,Samara
2023-06-12,12.8,15.2,11.4,2.4,Samara
2023-06-13,17.0,22.2,11.9,0.0,Samara
2023-06-14,20.3,25.3,14.6,0.0,Samara
2023-06-15,20.9,24.3,18.7,0.4,Samara
2023-06-16,18.2,19.9,17.1,4.2,Samara
2023-06-17,22.0,27.5,16.2,1.0,Samara
2023-06-18,17.2,19.9,13.6,0.0,Samara
2023-06-19,12.9,15.2,9.3,0.0,Samara
2023-06-20,13.2,17.3,8.8,0.5,Samara
2023-06-21,13.3,16.7,10.0,0.0,Samara
2023-06-22,13.1,16.4,9.3,0.0,Samara
2023-06-23,14.0,17.3,9.4,6.5,Samara
2023-06-24,15.4,20.3,8.3,1.4,Samara
2023-06-25,15.6,19.9,12.2,13.1,Samara
2023-06-26,17.0,21.3,12.5,0.0,Samara
2023-06-27,18.1,23.8,10.6,0.0,Samara
2023-06-28,18.5,23.6,12.0,0.0,Samara
2023-06-29,20.7,26.9,14.2,0.0,Samara
2023-06-30,22.7,29.8,15.5,0.0,Samara
2023-07-01,19.3,23.6,15.7,0.4,Samara
2023-07-02,19.5,23.5,15.0,2.3,Samara
2023-07-03,22.2,29.0,16.6,0.0,Samara
2023-07-04,23.4,28.3,17.4,0.0,Samara
2023-07-05,24.4,29.9,18.5,0.0,Samara
2023-07-06,24.5,31.1,17.0,0.0,Samara
2023-07-07,25.6,30.8,19.0,0.0,Samara
2023-07-08,25.5,31.6,18.0,0.0,Samara
2023-07-09,26.2,33.7,18.1,0.0,Samara
2023-07-10,28.7,33.8,23.1,0.0,Samara
2023-07-11,26.9,29.7,21.1,1.4,Samara
2023-07-12,17.7,21.0,14.8,0.5,Samara
2023-07-13,16.4,20.1,12.9,4.5,Samara
2023-07-14,17.0,20.7,13.0,0.0,Samara
2023-07-15,19.6,23.7,14.3,0.0,Samara
2023-07-16,18.8,22.5,16.5,4.4,Samara
2023-07-17,19.0,22.3,16.4,3.9,Samara
2023-07-18,19.6,24.2,16.1,1.1,Samara
2023-07-19,19.9,24.9,15.1,0.3,Samara
2023-07-20,18.9,23.1,14.3,0.0,Samara
2023-07-21,19.5,25.2,13.7,0.0,Samara
2023-07-22,19.6,23.6,16.0,0.2,Samara
2023-07-23,18.6,23.9,13.8,0.2,Samara
2023-07-24,20.1,25.1,15.8,2.2,Samara
2023-07-25,21.8,26.7,16.6,0.0,Samara
2023-07-26,23.4,29.3,17.4,0.0,Samara
2023-07-27,25.3,31.7,18.4,0.0,Samara
2023-07-28,26.8,32.5,19.7,0.0,Samara
2023-07-29,26.4,33.1,21.4,10.7,Samara
2023-07-30,22.7,27.0,18.1,0.7,Samara
2023-07-31,20.0,24.4,16.5,0.0,Samara
2023-08-01,21.5,27.3,15.1,0.0,Samara
2023-08-02,23.2,28.5,16.2,0.0,Samara
2023-08-03,23.3,27.8,19.0,1.6,Samara
2023-08-04,24.7,30.4,19.2,0.0,Samara
2023-08-05,26.5,32.9,20.1,0.0,Samara
2023-08-06,26.1,30.3,22.2,0.0,Samara
2023-08-07,24.2,29.0,19.1,0.0,Samara
2023-08-08,24.0,28.8,17.7,0.0,Samara
2023-08-09,22.8,29.3,16.6,0.0,Samara
2023-08-10,24.1,30.6,16.8,0.0,Samara
2023-08-11,24.8,30.3,17.9,0.0,Samara
2023-08-12,22.4,28.0,16.1,0.0,Samara
2023-08-13,23.2,30.3,16.0,0.0,Samara
2023-08-14,23.5,29.0,17.6,0.1,Samara
2023-08-15,23.9,28.5,17.4,0.0,Samara
2023-08-16,22.3,26.6,18.0,0.6,Samara
2023-08-17,23.9,29.9,18.4,0.2,Samara
2023-08-18,25.6,33.1,19.0,0.0,Samara
2023-08-19,25.3,30.6,17.4,0.4,Samara
2023-08-20,22.1,26.8,17.5,0.0,Samara
2023-08-21,21.2,26.7,16.3,1.8,Samara
2023-08-22,16.2,18.1,14.2,2.8,Samara
2023-08-23,17.5,22.2,12.4,0.0,Samara
2023-08-24,15.7,19.3,11.8,4.5,Samara
2023-08-25,14.5,19.0,10.4,0.0,Samara
2023-08-26,14.1,17.8,9.5,0.1,Samara
2023-08-27,13.8,17.4,11.7,2.1,Samara
2023-08-28,12.3,14.1,10.5,0.2,Samara
2023-08-29,14.6,19.1,10.9,0.2,Samara
2023-08-30,14.7,19.4,10.1,0.0,Samara
2023-08-31,15.0,20.3,10.5,0.0,Samara
2023-09-01,16.4,22.8,9.9,0.0,Samara
2023-09-02,16.6,21.6,11.7,0.0,Samara
2023-09-03,15.6,21.9,9.2,0.0,Samara
2023-09-04,17.5,23.5,11.0,0.0,Samara
2023-09-05,18.1,24.3,12.7,0.0,Samara
2023-09-06,18.5,23.7,14.6,0.0,Samara
2023-09-07,14.4,17.2,11.0,1.1,Samara
2023-09-08,11.3,14.5,7.6,0.3,Samara
2023-09-09,9.6,11.9,6.0,17.1,Samara
2023-09-10,14.2,18.7,10.0,1.0,Samara
2023-09-11,12.3,14.1,9.4,1.0,Samara
2023-09-12,11.5,15.6,8.2,0.2,Samara
2023-09-13,13.2,19.4,7.7,0.0,Samara
2023-09-14,14.6,20.7,9.8,0.1,Samara
2023-09-15,13.8,20.2,9.4,3.5,Samara
2023-09-16,14.7,21.2,10.4,0.3,Samara
2023-09-17,15.5,21.3,10.3,0.0,Samara
2023-09-18,15.3,20.1,10.5,0.0,Samara
2023-09-19,13.8,18.1,9.3,0.2,Samara
2023-09-20,11.9,17.9,7.5,0.0,Samara
2023-09-21,13.6,21.7,6.3,0.0,Samara
2023-09-22,15.6,22.7,10.2,0.0,Samara
2023-09-23,17.3,24.4,10.5,0.0,Samara
2023-09-24,18.0,25.0,12.4,0.0,Samara
2023-09-25,16.6,23.0,11.4,0.0,Samara
2023-09-26,15.3,20.1,11.6,0.0,Samara
2023-09-27,13.9,19.0,10.7,0.0,Samara
2023-09-28,12.5,17.1,9.3,0.0,Samara
2023-09-29,13.7,19.7,9.4,0.0,Samara
2023-09-30,12.3,17.3,8.0,0.0,Samara
2023-10-01,12.1,18.4,6.6,0.0,Samara
2023-10-02,13.4,19.0,9.3,0.0,Samara
2023-10-03,13.4,18.8,9.5,0.0,Samara
2023-10-04,11.7,16.5,8.5,0.0,Samara
2023-10-05,11.4,15.7,6.6,3.5,Samara
2023-10-06,11.6,15.1,9.3,6.5,Samara
2023-10-07,9.5,11.9,7.2,3.5,Samara
2023-10-08,8.5,11.8,4.9,6.5,Samara
2023-10-09,5.5,7.2,3.4,1.9,Samara
2023-10-10,4.7,5.7,3.7,4.0,Samara
2023-10-11,3.8,5.4,1.6,0.5,Samara
2023-10-12,5.3,8.6,1.3,0.0,Samara
2023-10-13,6.9,7.9,5.7,9.6,Samara
2023-10-14,6.9,11.4,2.9,0.0,Samara
2023-10-15,10.5,15.0,6.5,0.0,Samara
2023-10-16,11.5,15.3,7.5,0.0,Samara
2023-10-17,8.4,10.5,5.1,1.6,Samara
2023-10-18,5.1,7.0,2.9,0.5,Samara
2023-10-19,5.9,9.7,2.9,0.3,Samara
2023-10-20,5.0,8.5,1.0,2.0,Samara
2023-10-21,5.0,6.7,2.0,26.7,Samara
2023-10-22,1.0,4.7,-1.6,0.0,Samara
2023-10-23,3.5,7.4,-1.4,1.3,Samara
2023-10-24,7.8,11.1,1.3,5.7,Samara
2023-10-25,-0.6,0.8,-2.5,0.0,Samara
2023-10-26,-0.5,1.1,-2.7,0.0,Samara
2023-10-27,-1.4,-0.2,-3.1,1.4,Samara
2023-10-28,1.1,3.0,-0.3,5.0,Samara
2023-10-29,6.1,9.3,1.5,8.1,Samara
2023-10-30,1.8,3.3,0.6,0.9,Samara
2023-10-31,6.0,10.1,2.2,9.5,Samara
2023-11-01,5.5,11.4,0.2,0.0,Samara
2023-11-02,9.0,12.0,6.0,0.0,Samara
2023-11-03,7.5,10.7,0.7,0.1,Samara
2023-11-04,1.4,4.8,-2.0,0.0,Samara
2023-11-05,0.9,5.5,-3.3,0.0,Samara
2023-11-06,4.8,9.3,1.7,0.0,Samara
2023-11-07,5.9,8.2,3.3,9.7,Samara
2023-11-08,6.4,8.5,3.9,2.5,Samara
2023-11-09,4.4,6.8,0.8,6.3,Samara
2023-11-10,5.9,8.3,4.3,7.3,Samara
2023-11-11,2.6,4.5,0.1,0.0,Samara
2023-11-12,-0.1,4.1,-2.7,0.0,Samara
2023-11-13,4.3,6.2,1.4,6.7,Samara
2023-11-14,4.1,5.2,2.5,2.7,Samara
2023-11-15,2.6,4.1,1.0,0.5,Samara
2023-11-16,2.7,3.5,0.9,1.0,Samara
2023-11-17,0.6,3.0,-1.7,0.2,Samara
2023-11-18,-4.1,-0.7,-7.4,0.0,Samara
2023-11-19,-6.1,-3.3,-7.4,0.0,Samara
2023-11-20,-3.9,-1.1,-7.1,12.7,Samara
2023-11-21,-0.2,0.7,-1.1,10.9,Samara
2023-11-22,-4.1,-0.1,-6.6,14.5,Samara
2023-11-23,-10.0,-6.8,-12.5,0.0,Samara
2023-11-24,-8.6,1.0,-14.0,5.7,Samara
2023-11-25,0.5,1.6,-2.1,0.2,Samara
2023-11-26,0.2,1.8,-1.4,1.5,Samara
2023-11-27,-0.6,1.6,-3.7,0.3,Samara
2023-11-28,-1.6,0.1,-5.0,1.3,Samara
2023-11-29,-6.1,-3.6,-8.9,0.0,Samara
2023-11-30,-5.1,-0.2,-10.5,0.5,Samara
2023-12-01,-2.4,0.3,-7.4,5.9,Samara
2023-12-02,-1.8,0.6,-5.1,6.4,Samara
2023-12-03,-5.8,-4.4,-7.1,3.4,Samara
2023-12-04,-1.5,1.6,-6.7,3.1,Samara
2023-12-05,-8.6,-7.1,-11.7,0.0,Samara
2023-12-06,-11.5,-8.5,-17.0,0.0,Samara
2023-12-07,-13.6,-11.5,-18.6,0.0,Samara
2023-12-08,-23.4,-20.2,-27.6,0.0,Samara
2023-12-09,-24.7,-20.0,-29.6,0.0,Samara
2023-12-10,-20.3,-18.5,-22.4,0.0,Samara
2023-12-11,-20.8,-16.4,-24.7,0.0,Samara
2023-12-12,-18.9,-16.4,-20.4,0.0,Samara
2023-12-13,-17.2,-13.1,-19.8,0.0,Samara
2023-12-14,-11.7,-10.3,-15.4,0.0,Samara
2023-12-15,-16.5,-11.3,-19.3,0.0,Samara
2023-12-16,-12.0,-8.4,-18.6,3.0,Samara
2023-12-17,-11.8,-7.7,-18.4,0.0,Samara
2023-12-18,-3.7,-2.3,-7.3,3.9,Samara
2023-12-19,-2.3,-1.1,-3.2,0.0,Samara
2023-12-20,0.7,1.5,-1.2,10.3,Samara
2023-12-21,2.0,3.1,1.4,0.4,Samara
2023-12-22,0.6,1.6,-0.4,1.5,Samara
2023-12-23,-1.7,-0.4,-2.9,2.0,Samara
2023-12-24,-2.0,-1.0,-2.7,2.3,Samara
2023-12-25,-2.4,-1.5,-3.4,4.3,Samara
2023-12-26,-3.4,-2.3,-4.4,1.1,Samara
2023-12-27,-3.2,-0.7,-8.2,0.7,Samara
2023-12-28,-5.0,-3.6,-6.0,2.0,Samara
2023-12-29,-6.3,-4.9,-8.2,0.8,Samara
2023-12-30,-2.2,1.1,-6.0,2.3,Samara
2023-12-31,0.9,1.7,-0.0,3.7,Samara
2024-01-01,-4.2,1.2,-16.5,2.0,Samara
